EMPRESA,FECHA_DOCUMENTO,REFERENCIA_DOCUMENTO,NUMERO_DOCUMENTO,MONEDA,TIPO_CAMBIO,DEBITO_CREDITO,CUENTA_CONTABLE,CODIGO_PROVEEDOR,IMPORTE,SUCURSAL,CONDICION_PAGO,FECHA_VENCIMIENTO,BLOQUEO_PAGO,SISTEMA_ORIGEN,FECHA_ENVIO,FECHA_CONTABLE,CLASE_DOCUMENTO,NUMERO_REFERENCIA,CENTRO_COSTO,CENTRO_BENEFICIO,NUMERO_UUID,FLAG_ENVIADO,FECHA_RECEPCION,TIPO_DOCUMENTO,ORIGEN_ETL,IdPeriodo,Timbrado,TipoRebate
2005,15/04/2026,NC-B18883," 
13-Des Prom 24-013270002-22D
 
 ",MXN,1,D,2001000003,251135,8179.83,0,C001,15/04/2026,NULL,REBATES                       ,15/04/2026,15/04/2026,KG,1,,SD020800,,0,15/04/2026,REMAN,REBATES                       ,1,0,6
2005,15/04/2026,NC-B18883," 
13-Des Prom 24-013270002-22D
 
 ",MXN,1,C,5001100022,251135,7051.58,5275,C001,15/04/2026,NULL,REBATES                       ,15/04/2026,15/04/2026,KG,1,,SD020800,,0,15/04/2026,REMAN,REBATES                       ,1,0,6
2005,15/04/2026,NC-B18883," 
13-Des Prom 24-013270002-22D
 
 ",MXN,1,C,1008030201,251135,1128.25,0,C001,15/04/2026,NULL,REBATES                       ,15/04/2026,15/04/2026,KG,1,,SD020800,,0,15/04/2026,REMAN,REBATES                       ,1,0,6
